15|1984|Джордж Оруэлл|60|1984|IN_STOCK|2021-09-29
1|Java руководство для начинающих|Герберт Шилдт|150|2002|IN_STOCK|2021-09-25
2|Варкан|Сергей Костин|150|1997|OUT_OF_STOCK|2021-09-25
3|Властелин колец|Джон Толкин|70|1954|IN_STOCK|2021-09-25
4|Война и мир|Лев Толстой|150|1867|IN_STOCK|2021-09-25
5|Гарри Поттер и филосовский камень|Джоан Роулинг|100|2016|IN_STOCK|2021-10-05
6|Десять негритят|Агата Кристи|70|1939|IN_STOCK|2021-09-25
17|Дюна|Фрэнк Герберт|80|1965|OUT_OF_STOCK|2021-09-29
7|Маленький принц|Антуана де Сент-Экзюпери|50|1943|IN_STOCK|2021-09-25
8|Необыкновенные приключения Арбузика и Бебешки|Эдуард Скобелев|100|1985|IN_STOCK|2021-09-25
14|Пироги Дуная|Народная|50|2020|IN_STOCK|2021-09-28
9|Повесть о двух городах|Чарльз Дикенс|80|1859|IN_STOCK|2021-09-25
10|Приключения Тома Сойера|Марк Твен|40|1876|IN_STOCK|2021-09-25
11|Ромео и Джульетта|Уильям Шекспир|50|1597|IN_STOCK|2021-09-25
13|Тонкое искусство пофигизма|Марк Мэнсон|100|2018|OUT_OF_STOCK|2021-09-26
16|Унесенные ветром|Маргарет Митчелл|70|1936|IN_STOCK|2021-09-29
12|Хоббит, или Туда и Обратно|Джон Толкин|120|1937|IN_STOCK|2021-09-25
